Model,Question,Accuracy,Macro_F1,Kendall_tau,AUC,Bias,Parse_fail_pct,F1_bin0,F1_bin1,F1_bin2,F1_bin3
BLIP-2,Q1 Detection,0.68,0.8095238095238095,,0.4533333333333333,,0.0,,,,
BLIP-2,Q2 Severity,0.27,0.14720496894409937,0.02721655269759087,,-1.2,0.0,0.41739130434782606,0.0,0.0,0.17142857142857143
BLIP-2,Q3 Coverage,0.34,0.12686567164179105,,,1.41,0.0,0.0,0.0,0.0,0.5074626865671642
LLaVA-1.5,Q1 Detection,0.42,0.4727272727272727,,0.49333333333333335,,0.0,,,,
LLaVA-1.5,Q2 Severity,0.21,0.09130434782608696,-0.1632993161855452,,-0.6,0.0,0.0,0.3652173913043478,0.0,0.0
LLaVA-1.5,Q3 Coverage,0.24,0.1880933117583603,0.20719854113650255,,-0.65,0.0,0.35,0.2912621359223301,0.0,0.1111111111111111
U-Net (n=53),Q1 Detection,1.0,1.0,,1.0,,0.0,,,,
U-Net (n=53),Q2 Severity,0.8679245283018868,0.6225490196078431,0.9036016397741029,,0.018867924528301886,0.0,1.0,0.0,0.6666666666666666,0.8235294117647058
