manual_severity_bin,count,agreement
0,9,0.8888888888888888
1,6,1.0
2,7,1.0
3,9,0.8888888888888888
