severity_bin,count,percent
0,1944,86.90210102816272
1,81,3.6209208761734466
2,46,2.056325435851587
3,166,7.420652659812249
